<oneoff_actions>
    <oracle.wls.core.app.server version="12.1.2.0.0" opt_req="R">
        <jar name="weblogic-classes.jar" path="%ORACLE_HOME%/wlserver/server/lib" class_name="/wlserver/server/lib/weblogic-classes.jar/weblogic/servlet/internal/MuxableSocketHTTP.class"/>
        <jar name="weblogic-classes.jar" path="%ORACLE_HOME%/wlserver/server/lib" class_name="/wlserver/server/lib/weblogic-classes.jar/weblogic/servlet/internal/MuxableSocketHTTP$1.class"/>
        <jar name="weblogic-classes.jar" path="%ORACLE_HOME%/wlserver/server/lib" class_name="/wlserver/server/lib/weblogic-classes.jar/weblogic/socket/SocketMuxer.class"/>
        <jar name="weblogic-classes.jar" path="%ORACLE_HOME%/wlserver/server/lib" class_name="/wlserver/server/lib/weblogic-classes.jar/weblogic/socket/SocketMuxer$TimerListenerImpl.class"/>
        <jar name="weblogic-classes.jar" path="%ORACLE_HOME%/wlserver/server/lib" class_name="/wlserver/server/lib/weblogic-classes.jar/weblogic/socket/SocketMuxer$SingletonMaker.class"/>
        <jar name="com.bea.core.utils.full_2.2.0.0.jar" path="%ORACLE_HOME%/wlserver/modules" class_name="/wlserver/modules/com.bea.core.utils.full_2.2.0.0.jar/weblogic/utils/net/SocketResetException.class"/>
    </oracle.wls.core.app.server>
</oneoff_actions>