<oneoff_inventory>
    <opack_version version="13.1.0.0.0"/>
    <patch_description>One-off</patch_description>
    <patch_id number="18373180"/>
    <unique_patch_id>17416310</unique_patch_id>
    <minimum_opatch_version>13.1.0.0.0</minimum_opatch_version>
    <fmw_rolling>false</fmw_rolling>
    <fmw_feature_bearing>false</fmw_feature_bearing>
    <cannot_autorollback>false</cannot_autorollback>
    <date_of_patch year="2014" month="Mar" day="14" time="12:37:48 hrs" zone="PST8PDT"/>
    <base_bugs>
        <bug number="18073982" description="&lt;BEA-101083&gt; CONNECTION FAILURE ERROR ON 12C SERVERS IN GERMAN WINDOWS"/>
        <bug number="16851678" description="JAVA.IO.IOEXCEPTION OCCURRED ON SOCKET"/>
    </base_bugs>
    <required_components>
        <component internal_name="oracle.wls.core.app.server" version="12.1.2.0.0" opt_req="R"/>
    </required_components>
    <os_platforms>
        <platform name="Generic Platform 1" id="0"/>
    </os_platforms>
    <executables></executables>
    <instance_shutdown>true</instance_shutdown>
    <instance_shutdown_message></instance_shutdown_message>
    <online_rac_installable>false</online_rac_installable>
    <run_as_root>false</run_as_root>
    <sql_migrate>false</sql_migrate>
    <sql_patch>false</sql_patch>
    <prereq_oneoffs></prereq_oneoffs>
    <coreq_oneoffs></coreq_oneoffs>
    <overlay_oneoffs></overlay_oneoffs>
    <patch_type value="singleton"/>
    <patch_language value="en"/>
    <product_family value="db"/>
    <patching_model value="one-off"/>
    <translatable>false</translatable>
    <applicable_product value="oui"/>
    <products></products>
    <update_components></update_components>
</oneoff_inventory>
